{"cameraMode":{"drawMode":0,"name":"Shaded","section":"Shading Mode"},"sceneLighting":false,"audioPlay":false,"sceneViewState":{"m_AlwaysRefresh":false,"showFog":true,"showSkybox":true,"showFlares":true,"showImageEffects":true,"showParticleSystems":true,"showVisualEffectGraphs":true,"m_FxEnabled":true},"in2DMode":false,"pivot":{"x":9998.3330078125,"y":1.8912036418914796,"z":88.88055419921875},"rotation":{"x":-0.028810515999794008,"y":-0.03690322861075401,"z":0.0005880999960936606,"w":-0.9990952610969544},"size":1.309196949005127,"orthographic":false}