{"cameraMode":{"drawMode":0,"name":"Shaded","section":"Shading Mode"},"sceneLighting":false,"audioPlay":false,"sceneViewState":{"m_AlwaysRefresh":false,"showFog":true,"showSkybox":true,"showFlares":true,"showImageEffects":true,"showParticleSystems":true,"showVisualEffectGraphs":true,"m_FxEnabled":true},"in2DMode":false,"pivot":{"x":15.270584106445313,"y":-8.114343643188477,"z":10.942398071289063},"rotation":{"x":-0.2509463429450989,"y":-0.04020177200436592,"z":0.009882036596536637,"w":-0.9673047065734863},"size":113.6310043334961,"orthographic":false}