{"cameraMode":{"drawMode":0,"name":"Shaded","section":"Shading Mode"},"sceneLighting":false,"audioPlay":false,"sceneViewState":{"m_AlwaysRefresh":false,"showFog":true,"showSkybox":true,"showFlares":true,"showImageEffects":true,"showParticleSystems":true,"showVisualEffectGraphs":true,"m_FxEnabled":true},"in2DMode":false,"pivot":{"x":0.007921718060970307,"y":0.285241037607193,"z":-1.0243805646896363},"rotation":{"x":0.34936219453811648,"y":0.37166449427604678,"z":-0.15100328624248506,"w":0.8471388816833496},"size":0.8893700242042542,"orthographic":false}