{"cameraMode":{"drawMode":0,"name":"Shaded","section":"Shading Mode"},"sceneLighting":false,"audioPlay":false,"sceneViewState":{"m_AlwaysRefresh":false,"showFog":true,"showSkybox":true,"showFlares":true,"showImageEffects":true,"showParticleSystems":true,"showVisualEffectGraphs":true,"m_FxEnabled":true},"in2DMode":false,"pivot":{"x":-6.1556901931762699,"y":14.606307983398438,"z":22.140323638916017},"rotation":{"x":0.05678272247314453,"y":-0.8616172075271606,"z":0.09892386943101883,"w":0.4945976436138153},"size":25.520282745361329,"orthographic":false}