{"cameraMode":{"drawMode":0,"name":"Shaded","section":"Shading Mode"},"sceneLighting":false,"audioPlay":false,"sceneViewState":{"m_AlwaysRefresh":false,"showFog":true,"showSkybox":true,"showFlares":true,"showImageEffects":true,"showParticleSystems":true,"showVisualEffectGraphs":true,"m_FxEnabled":true},"in2DMode":false,"pivot":{"x":27.451812744140626,"y":0.7460509538650513,"z":111.5684585571289},"rotation":{"x":-0.02714841440320015,"y":-0.9602992534637451,"z":0.09848230332136154,"w":-0.2604389190673828},"size":1.2597578763961793,"orthographic":false}