{"cameraMode":{"drawMode":0,"name":"Shaded","section":"Shading Mode"},"sceneLighting":false,"audioPlay":false,"sceneViewState":{"m_AlwaysRefresh":false,"showFog":true,"showSkybox":true,"showFlares":true,"showImageEffects":true,"showParticleSystems":true,"showVisualEffectGraphs":true,"m_FxEnabled":true},"in2DMode":false,"pivot":{"x":-0.03997105360031128,"y":0.020801067352294923,"z":1.1471751928329468},"rotation":{"x":0.016403155401349069,"y":-0.7474936842918396,"z":0.017945580184459688,"w":0.6639647483825684},"size":1.3852452039718629,"orthographic":false}