{"cameraMode":{"drawMode":0,"name":"Shaded","section":"Shading Mode"},"sceneLighting":false,"audioPlay":false,"sceneViewState":{"m_AlwaysRefresh":false,"showFog":true,"showSkybox":true,"showFlares":true,"showImageEffects":true,"showParticleSystems":true,"showVisualEffectGraphs":true,"m_FxEnabled":true},"in2DMode":false,"pivot":{"x":20.737499237060548,"y":2.6514925956726076,"z":17.55000114440918},"rotation":{"x":0.18470168113708497,"y":-0.14540401101112367,"z":0.027430886402726175,"w":0.9716985821723938},"size":6.966025352478027,"orthographic":false}