{"cameraMode":{"drawMode":0,"name":"Shaded","section":"Shading Mode"},"sceneLighting":false,"audioPlay":false,"sceneViewState":{"m_AlwaysRefresh":false,"showFog":true,"showSkybox":true,"showFlares":true,"showImageEffects":true,"showParticleSystems":true,"showVisualEffectGraphs":true,"m_FxEnabled":true},"in2DMode":false,"pivot":{"x":36.764102935791019,"y":-8.045684814453125,"z":21.871068954467775},"rotation":{"x":-0.14265233278274537,"y":-0.6965821981430054,"z":0.14428822696208955,"w":-0.6882608532905579},"size":30.046226501464845,"orthographic":false}